,index,data_type,cell_type_id,mark_id,cell_type,mark/assay,accession,filename,synapse_id
0,84,training_data,C01,M16,adipose_tissue,H3K27ac,ENCSR082SHT,C01M16.bigwig,syn18143637
1,0,training_data,C02,M01,adrenal_gland,ATAC-seq,ENCSR113MBR,C02M01.bigwig,syn18143450
2,4,training_data,C02,M02,adrenal_gland,DNase-seq,ENCSR191FOV,C02M02.bigwig,syn18143557
3,85,training_data,C02,M16,adrenal_gland,H3K27ac,ENCSR177QFY,C02M16.bigwig,syn18143492
4,122,training_data,C02,M18,adrenal_gland,H3K36me3,ENCSR857XRG,C02M18.bigwig,syn18143579
5,149,training_data,C02,M20,adrenal_gland,H3K4me1,ENCSR406PCK,C02M20.bigwig,syn18143386
6,232,training_data,C02,M29,adrenal_gland,H3K9me3,ENCSR408ZEW,C02M29.bigwig,syn18143634
7,86,training_data,C03,M16,adrenal_gland_embryonic,H3K27ac,ENCSR847AIA,C03M16.bigwig,syn18143400
8,106,training_data,C03,M17,adrenal_gland_embryonic,H3K27me3,ENCSR218BPG,C03M17.bigwig,syn18143615
9,123,training_data,C03,M18,adrenal_gland_embryonic,H3K36me3,ENCSR760LFY,C03M18.bigwig,syn18143427
10,150,training_data,C03,M20,adrenal_gland_embryonic,H3K4me1,ENCSR207ZIA,C03M20.bigwig,syn18143595
11,175,training_data,C03,M22,adrenal_gland_embryonic,H3K4me3,ENCSR715KGX,C03M22.bigwig,syn18143519
12,233,training_data,C03,M29,adrenal_gland_embryonic,H3K9me3,ENCSR651IVN,C03M29.bigwig,syn18143445
13,107,training_data,C04,M17,amnion,H3K27me3,ENCSR144NDE,C04M17.bigwig,syn18143381
14,124,training_data,C04,M18,amnion,H3K36me3,ENCSR786DQB,C04M18.bigwig,syn18143545
15,151,training_data,C04,M20,amnion,H3K4me1,ENCSR249AWJ,C04M20.bigwig,syn18143626
16,176,training_data,C04,M22,amnion,H3K4me3,ENCSR420IOA,C04M22.bigwig,syn18143576
17,234,training_data,C04,M29,amnion,H3K9me3,ENCSR495GRN,C04M29.bigwig,syn18143497
18,5,training_data,C05,M02,BE2C,DNase-seq,ENCSR000EMD,C05M02.bigwig,syn18143535
19,177,training_data,C05,M22,BE2C,H3K4me3,ENCSR000DQB,C05M22.bigwig,syn18143440
20,6,training_data,C06,M02,brain_microvascular_endothelial_cell,DNase-seq,ENCSR000ENE,C06M02.bigwig,syn18143529
21,178,training_data,C06,M22,brain_microvascular_endothelial_cell,H3K4me3,ENCSR000DTC,C06M22.bigwig,syn18143382
22,7,training_data,C07,M02,Caco-2,DNase-seq,ENCSR000EMI,C07M02.bigwig,syn18143509
23,108,training_data,C07,M17,Caco-2,H3K27me3,ENCSR000DQL,C07M17.bigwig,syn18143627
24,125,training_data,C07,M18,Caco-2,H3K36me3,ENCSR000DQK,C07M18.bigwig,syn18143475
25,179,training_data,C07,M22,Caco-2,H3K4me3,ENCSR000DQM,C07M22.bigwig,syn18143411
26,8,training_data,C08,M02,cardiac_fibroblast,DNase-seq,ENCSR000ENI,C08M02.bigwig,syn18143522
27,180,training_data,C08,M22,cardiac_fibroblast,H3K4me3,ENCSR000DTH,C08M22.bigwig,syn18143409
28,87,training_data,C09,M16,CD4-positive_alpha-beta_memory_T_cell,H3K27ac,ENCSR724GUS,C09M16.bigwig,syn18143435
29,109,training_data,C09,M17,CD4-positive_alpha-beta_memory_T_cell,H3K27me3,ENCSR702RZM,C09M17.bigwig,syn18143412
30,126,training_data,C09,M18,CD4-positive_alpha-beta_memory_T_cell,H3K36me3,ENCSR580WRV,C09M18.bigwig,syn18143478
31,181,training_data,C09,M22,CD4-positive_alpha-beta_memory_T_cell,H3K4me3,ENCSR223APP,C09M22.bigwig,syn18143617
32,235,training_data,C09,M29,CD4-positive_alpha-beta_memory_T_cell,H3K9me3,ENCSR333VFQ,C09M29.bigwig,syn18143521
33,88,training_data,C10,M16,chorion,H3K27ac,ENCSR499IIR,C10M16.bigwig,syn18143456
34,127,training_data,C10,M18,chorion,H3K36me3,ENCSR449FFA,C10M18.bigwig,syn18143563
35,152,training_data,C10,M20,chorion,H3K4me1,ENCSR244MNY,C10M20.bigwig,syn18143587
36,182,training_data,C10,M22,chorion,H3K4me3,ENCSR787CAJ,C10M22.bigwig,syn18143496
37,9,training_data,C11,M02,dermis_microvascular_lymphatic_vessel_endothelial_cell,DNase-seq,ENCSR000EOA,C11M02.bigwig,syn18143515
38,38,training_data,C12,M03,DND-41,H2AFZ,ENCSR000AQV,C12M03.bigwig,syn18143462
39,110,training_data,C12,M17,DND-41,H3K27me3,ENCSR000ASX,C12M17.bigwig,syn18143380
40,128,training_data,C12,M18,DND-41,H3K36me3,ENCSR000AQX,C12M18.bigwig,syn18143631
41,153,training_data,C12,M20,DND-41,H3K4me1,ENCSR000AQY,C12M20.bigwig,syn18143550
42,167,training_data,C12,M21,DND-41,H3K4me2,ENCSR000AQZ,C12M21.bigwig,syn18143524
43,183,training_data,C12,M22,DND-41,H3K4me3,ENCSR564VIX,C12M22.bigwig,syn18143470
44,212,training_data,C12,M25,DND-41,H3K79me2,ENCSR000ARB,C12M25.bigwig,syn18143452
45,218,training_data,C12,M26,DND-41,H3K9ac,ENCSR000ARY,C12M26.bigwig,syn18143482
46,236,training_data,C12,M29,DND-41,H3K9me3,ENCSR000ARZ,C12M29.bigwig,syn18143418
47,89,training_data,C13,M16,endocrine_pancreas,H3K27ac,ENCSR324JDC,C13M16.bigwig,syn18143454
48,111,training_data,C13,M17,endocrine_pancreas,H3K27me3,ENCSR581UGC,C13M17.bigwig,syn18143365
49,129,training_data,C13,M18,endocrine_pancreas,H3K36me3,ENCSR372OTD,C13M18.bigwig,syn18143449
50,184,training_data,C13,M22,endocrine_pancreas,H3K4me3,ENCSR957UQS,C13M22.bigwig,syn18143403
51,219,training_data,C13,M26,endocrine_pancreas,H3K9ac,ENCSR061NWO,C13M26.bigwig,syn18143422
52,237,training_data,C13,M29,endocrine_pancreas,H3K9me3,ENCSR849NQE,C13M29.bigwig,syn18143629
53,130,training_data,C14,M18,ES-I3,H3K36me3,ENCSR844DRI,C14M18.bigwig,syn18143520
54,154,training_data,C14,M20,ES-I3,H3K4me1,ENCSR730FLZ,C14M20.bigwig,syn18143618
55,220,training_data,C14,M26,ES-I3,H3K9ac,ENCSR097ORD,C14M26.bigwig,syn18143610
56,238,training_data,C14,M29,ES-I3,H3K9me3,ENCSR895IWH,C14M29.bigwig,syn18143568
57,10,training_data,C15,M02,G401,DNase-seq,ENCSR269SIA,C15M02.bigwig,syn18143513
58,11,training_data,C16,M02,GM06990,DNase-seq,ENCSR000EMQ,C16M02.bigwig,syn18143532
59,131,training_data,C16,M18,GM06990,H3K36me3,ENCSR000DQT,C16M18.bigwig,syn18143541
60,185,training_data,C16,M22,GM06990,H3K4me3,ENCSR000DQV,C16M22.bigwig,syn18143599
61,12,training_data,C17,M02,H1-hESC,DNase-seq,ENCSR794OFW,C17M02.bigwig,syn18143453
62,39,training_data,C17,M03,H1-hESC,H2AFZ,ENCSR571IIS,C17M03.bigwig,syn18143474
63,51,training_data,C17,M06,H1-hESC,H2BK120ac,ENCSR848DUN,C17M06.bigwig,syn18143583
64,56,training_data,C17,M07,H1-hESC,H2BK12ac,ENCSR364BKW,C17M07.bigwig,syn18143493
65,60,training_data,C17,M08,H1-hESC,H2BK15ac,ENCSR739BZR,C17M08.bigwig,syn18143578
66,63,training_data,C17,M09,H1-hESC,H2BK20ac,ENCSR462XRE,C17M09.bigwig,syn18143600
67,65,training_data,C17,M10,H1-hESC,H2BK5ac,ENCSR161NON,C17M10.bigwig,syn18143625
68,74,training_data,C17,M13,H1-hESC,H3K18ac,ENCSR038PFD,C17M13.bigwig,syn18143428
69,82,training_data,C17,M15,H1-hESC,H3K23me2,ENCSR326NQF,C17M15.bigwig,syn18143361
70,90,training_data,C17,M16,H1-hESC,H3K27ac,ENCSR880SUY,C17M16.bigwig,syn18143635
71,112,training_data,C17,M17,H1-hESC,H3K27me3,ENCSR928HYM,C17M17.bigwig,syn18143367
72,132,training_data,C17,M18,H1-hESC,H3K36me3,ENCSR925LJZ,C17M18.bigwig,syn18143379
73,155,training_data,C17,M20,H1-hESC,H3K4me1,ENCSR000ANA,C17M20.bigwig,syn18143378
74,168,training_data,C17,M21,H1-hESC,H3K4me2,ENCSR322MEI,C17M21.bigwig,syn18143484
75,186,training_data,C17,M22,H1-hESC,H3K4me3,ENCSR814XPE,C17M22.bigwig,syn18143387
76,204,training_data,C17,M23,H1-hESC,H3K56ac,ENCSR768FWX,C17M23.bigwig,syn18143371
77,207,training_data,C17,M24,H1-hESC,H3K79me1,ENCSR442DGE,C17M24.bigwig,syn18143431
78,213,training_data,C17,M25,H1-hESC,H3K79me2,ENCSR301HRV,C17M25.bigwig,syn18143391
79,221,training_data,C17,M26,H1-hESC,H3K9ac,ENCSR952GVX,C17M26.bigwig,syn18143518
80,255,training_data,C17,M33,H1-hESC,H4K5ac,ENCSR675FLJ,C17M33.bigwig,syn18143601
81,258,training_data,C17,M34,H1-hESC,H4K8ac,ENCSR891KGZ,C17M34.bigwig,syn18143643
82,263,training_data,C17,M35,H1-hESC,H4K91ac,ENCSR858BOF,C17M35.bigwig,syn18143357
83,13,training_data,C18,M02,H9,DNase-seq,ENCSR275ICP,C18M02.bigwig,syn18143575
84,40,training_data,C18,M03,H9,H2AFZ,ENCSR265EDV,C18M03.bigwig,syn18143448
85,70,training_data,C18,M12,H9,H3K14ac,ENCSR440BZV,C18M12.bigwig,syn18143510
86,75,training_data,C18,M13,H9,H3K18ac,ENCSR294WUR,C18M13.bigwig,syn18143540
87,83,training_data,C18,M15,H9,H3K23me2,ENCSR063WYJ,C18M15.bigwig,syn18143533
88,91,training_data,C18,M16,H9,H3K27ac,ENCSR876RGF,C18M16.bigwig,syn18143373
89,113,training_data,C18,M17,H9,H3K27me3,ENCSR792GCH,C18M17.bigwig,syn18143487
90,133,training_data,C18,M18,H9,H3K36me3,ENCSR324UNL,C18M18.bigwig,syn18143584
91,144,training_data,C18,M19,H9,H3K4ac,ENCSR230WNU,C18M19.bigwig,syn18143395
92,156,training_data,C18,M20,H9,H3K4me1,ENCSR276HBK,C18M20.bigwig,syn18143444
93,187,training_data,C18,M22,H9,H3K4me3,ENCSR043VGU,C18M22.bigwig,syn18143630
94,205,training_data,C18,M23,H9,H3K56ac,ENCSR047TJL,C18M23.bigwig,syn18143477
95,208,training_data,C18,M24,H9,H3K79me1,ENCSR280IFJ,C18M24.bigwig,syn18143506
96,222,training_data,C18,M26,H9,H3K9ac,ENCSR879TAS,C18M26.bigwig,syn18143526
97,239,training_data,C18,M29,H9,H3K9me3,ENCSR972SMV,C18M29.bigwig,syn18143611
98,249,training_data,C18,M30,H9,H3T11ph,ENCSR957GYL,C18M30.bigwig,syn18143538
99,256,training_data,C18,M33,H9,H4K5ac,ENCSR554TZE,C18M33.bigwig,syn18143430
100,259,training_data,C18,M34,H9,H4K8ac,ENCSR367JIO,C18M34.bigwig,syn18143466
101,14,training_data,C19,M02,HAP-1,DNase-seq,ENCSR620QNS,C19M02.bigwig,syn18143481
102,1,training_data,C20,M01,heart_left_ventricle,ATAC-seq,ENCSR851EBF,C20M01.bigwig,syn18143574
103,15,training_data,C20,M02,heart_left_ventricle,DNase-seq,ENCSR070CMW,C20M02.bigwig,syn18143364
104,92,training_data,C20,M16,heart_left_ventricle,H3K27ac,ENCSR854OXF,C20M16.bigwig,syn18143443
105,114,training_data,C20,M17,heart_left_ventricle,H3K27me3,ENCSR988JLN,C20M17.bigwig,syn18143570
106,134,training_data,C20,M18,heart_left_ventricle,H3K36me3,ENCSR500ZGF,C20M18.bigwig,syn18143397
107,157,training_data,C20,M20,heart_left_ventricle,H3K4me1,ENCSR438QZN,C20M20.bigwig,syn18143385
108,240,training_data,C20,M29,heart_left_ventricle,H3K9me3,ENCSR000XAA,C20M29.bigwig,syn18143632
109,16,training_data,C21,M02,hematopoietic_multipotent_progenitor_cell,DNase-seq,ENCSR328UMC,C21M02.bigwig,syn18143366
110,17,training_data,C22,M02,HL-60,DNase-seq,ENCSR000ENU,C22M02.bigwig,syn18143621
111,188,training_data,C22,M22,HL-60,H3K4me3,ENCSR000DUO,C22M22.bigwig,syn18143552
112,18,training_data,C23,M02,IMR-90,DNase-seq,ENCSR477RTP,C23M02.bigwig,syn18143642
113,46,training_data,C23,M04,IMR-90,H2AK5ac,ENCSR424ZJH,C23M04.bigwig,syn18143554
114,50,training_data,C23,M05,IMR-90,H2AK9ac,ENCSR038MKB,C23M05.bigwig,syn18143525
115,52,training_data,C23,M06,IMR-90,H2BK120ac,ENCSR210RXE,C23M06.bigwig,syn18143405
116,61,training_data,C23,M08,IMR-90,H2BK15ac,ENCSR274TJB,C23M08.bigwig,syn18143514
117,64,training_data,C23,M09,IMR-90,H2BK20ac,ENCSR054IRX,C23M09.bigwig,syn18143441
118,66,training_data,C23,M10,IMR-90,H2BK5ac,ENCSR248KRU,C23M10.bigwig,syn18143580
119,71,training_data,C23,M12,IMR-90,H3K14ac,ENCSR283STF,C23M12.bigwig,syn18143605
120,76,training_data,C23,M13,IMR-90,H3K18ac,ENCSR383CBN,C23M13.bigwig,syn18143573
121,79,training_data,C23,M14,IMR-90,H3K23ac,ENCSR942NME,C23M14.bigwig,syn18143589
122,93,training_data,C23,M16,IMR-90,H3K27ac,ENCSR002YRE,C23M16.bigwig,syn18143546
123,115,training_data,C23,M17,IMR-90,H3K27me3,ENCSR431UUY,C23M17.bigwig,syn18143392
124,135,training_data,C23,M18,IMR-90,H3K36me3,ENCSR437ORF,C23M18.bigwig,syn18143565
125,145,training_data,C23,M19,IMR-90,H3K4ac,ENCSR039ZLS,C23M19.bigwig,syn18143596
126,158,training_data,C23,M20,IMR-90,H3K4me1,ENCSR831JSP,C23M20.bigwig,syn18143415
127,169,training_data,C23,M21,IMR-90,H3K4me2,ENCSR672XZZ,C23M21.bigwig,syn18143358
128,189,training_data,C23,M22,IMR-90,H3K4me3,ENCSR087PFU,C23M22.bigwig,syn18143499
129,206,training_data,C23,M23,IMR-90,H3K56ac,ENCSR066VKQ,C23M23.bigwig,syn18143479
130,209,training_data,C23,M24,IMR-90,H3K79me1,ENCSR579TJT,C23M24.bigwig,syn18143488
131,214,training_data,C23,M25,IMR-90,H3K79me2,ENCSR713QLX,C23M25.bigwig,syn18143543
132,229,training_data,C23,M27,IMR-90,H3K9me1,ENCSR580LZO,C23M27.bigwig,syn18143508
133,241,training_data,C23,M29,IMR-90,H3K9me3,ENCSR055ZZY,C23M29.bigwig,syn18143593
134,251,training_data,C23,M32,IMR-90,H4K20me1,ENCSR804SRO,C23M32.bigwig,syn18143556
135,257,training_data,C23,M33,IMR-90,H4K5ac,ENCSR706RRA,C23M33.bigwig,syn18143636
136,264,training_data,C23,M35,IMR-90,H4K91ac,ENCSR164RFI,C23M35.bigwig,syn18143483
137,19,training_data,C24,M02,K562,DNase-seq,ENCSR921NMD,C24M02.bigwig,syn18143459
138,41,training_data,C24,M03,K562,H2AFZ,ENCSR000APC,C24M03.bigwig,syn18143468
139,94,training_data,C24,M16,K562,H3K27ac,ENCSR000AKP,C24M16.bigwig,syn18143571
140,136,training_data,C24,M18,K562,H3K36me3,ENCSR000DWB,C24M18.bigwig,syn18143585
141,159,training_data,C24,M20,K562,H3K4me1,ENCSR000EWC,C24M20.bigwig,syn18143551
142,170,training_data,C24,M21,K562,H3K4me2,ENCSR000AKT,C24M21.bigwig,syn18143423
143,190,training_data,C24,M22,K562,H3K4me3,ENCSR668LDD,C24M22.bigwig,syn18143465
144,223,training_data,C24,M26,K562,H3K9ac,ENCSR000EVZ,C24M26.bigwig,syn18143622
145,230,training_data,C24,M27,K562,H3K9me1,ENCSR000AKW,C24M27.bigwig,syn18143501
146,242,training_data,C24,M29,K562,H3K9me3,ENCSR000APE,C24M29.bigwig,syn18143374
147,252,training_data,C24,M32,K562,H4K20me1,ENCSR000AKX,C24M32.bigwig,syn18143639
148,42,training_data,C25,M03,KMS-11,H2AFZ,ENCSR499RMZ,C25M03.bigwig,syn18143564
149,95,training_data,C25,M16,KMS-11,H3K27ac,ENCSR955IXZ,C25M16.bigwig,syn18143416
150,116,training_data,C25,M17,KMS-11,H3K27me3,ENCSR474VGQ,C25M17.bigwig,syn18143537
151,137,training_data,C25,M18,KMS-11,H3K36me3,ENCSR835YBD,C25M18.bigwig,syn18143624
152,160,training_data,C25,M20,KMS-11,H3K4me1,ENCSR976JHS,C25M20.bigwig,syn18143408
153,254,training_data,C25,M22,KMS-11,H3K4me3,ENCSR539TKY,C25M22.bigwig,syn18143930
154,215,training_data,C25,M25,KMS-11,H3K79me2,ENCSR847UJW,C25M25.bigwig,syn18143511
155,253,training_data,C25,M32,KMS-11,H4K20me1,ENCSR790QWJ,C25M32.bigwig,syn18143390
156,191,training_data,C26,M22,lower_leg_skin,H3K4me3,ENCSR432GOP,C26M22.bigwig,syn18143562
157,20,training_data,C27,M02,mesenchymal_stem_cell,DNase-seq,ENCSR731QLJ,C27M02.bigwig,syn18143360
158,47,training_data,C27,M04,mesenchymal_stem_cell,H2AK5ac,ENCSR753RYH,C27M04.bigwig,syn18143389
159,53,training_data,C27,M06,mesenchymal_stem_cell,H2BK120ac,ENCSR502IWF,C27M06.bigwig,syn18143480
160,57,training_data,C27,M07,mesenchymal_stem_cell,H2BK12ac,ENCSR895YWA,C27M07.bigwig,syn18143623
161,62,training_data,C27,M08,mesenchymal_stem_cell,H2BK15ac,ENCSR491CCY,C27M08.bigwig,syn18143516
162,67,training_data,C27,M10,mesenchymal_stem_cell,H2BK5ac,ENCSR809CVZ,C27M10.bigwig,syn18143569
163,72,training_data,C27,M12,mesenchymal_stem_cell,H3K14ac,ENCSR719QMW,C27M12.bigwig,syn18143495
164,80,training_data,C27,M14,mesenchymal_stem_cell,H3K23ac,ENCSR734MEM,C27M14.bigwig,syn18143369
165,96,training_data,C27,M16,mesenchymal_stem_cell,H3K27ac,ENCSR013KEC,C27M16.bigwig,syn18143451
166,117,training_data,C27,M17,mesenchymal_stem_cell,H3K27me3,ENCSR832JVP,C27M17.bigwig,syn18143442
167,138,training_data,C27,M18,mesenchymal_stem_cell,H3K36me3,ENCSR824UNY,C27M18.bigwig,syn18143591
168,146,training_data,C27,M19,mesenchymal_stem_cell,H3K4ac,ENCSR902EEI,C27M19.bigwig,syn18143372
169,161,training_data,C27,M20,mesenchymal_stem_cell,H3K4me1,ENCSR065HOR,C27M20.bigwig,syn18143489
170,171,training_data,C27,M21,mesenchymal_stem_cell,H3K4me2,ENCSR786GJM,C27M21.bigwig,syn18143577
171,192,training_data,C27,M22,mesenchymal_stem_cell,H3K4me3,ENCSR501JET,C27M22.bigwig,syn18143370
172,243,training_data,C27,M29,mesenchymal_stem_cell,H3K9me3,ENCSR746CUY,C27M29.bigwig,syn18143614
173,260,training_data,C27,M34,mesenchymal_stem_cell,H4K8ac,ENCSR350YQC,C27M34.bigwig,syn18143460
174,265,training_data,C27,M35,mesenchymal_stem_cell,H4K91ac,ENCSR509MHV,C27M35.bigwig,syn18143375
175,21,training_data,C28,M02,MG63,DNase-seq,ENCSR083STA,C28M02.bigwig,syn18143485
176,118,training_data,C29,M17,myoepithelial_cell_of_mammary_gland,H3K27me3,ENCSR517CFV,C29M17.bigwig,syn18143527
177,139,training_data,C29,M18,myoepithelial_cell_of_mammary_gland,H3K36me3,ENCSR160CPS,C29M18.bigwig,syn18143471
178,162,training_data,C29,M20,myoepithelial_cell_of_mammary_gland,H3K4me1,ENCSR813ULW,C29M20.bigwig,syn18143377
179,193,training_data,C29,M22,myoepithelial_cell_of_mammary_gland,H3K4me3,ENCSR287YDU,C29M22.bigwig,syn18143597
180,224,training_data,C29,M26,myoepithelial_cell_of_mammary_gland,H3K9ac,ENCSR365DWX,C29M26.bigwig,syn18143419
181,22,training_data,C30,M02,NCI-H460,DNase-seq,ENCSR000FJH,C30M02.bigwig,syn18143406
182,43,training_data,C31,M03,NCI-H929,H2AFZ,ENCSR559IFS,C31M03.bigwig,syn18143609
183,69,training_data,C31,M11,NCI-H929,H3F3A,ENCSR536SZD,C31M11.bigwig,syn18143505
184,140,training_data,C31,M18,NCI-H929,H3K36me3,ENCSR562JTY,C31M18.bigwig,syn18143536
185,163,training_data,C31,M20,NCI-H929,H3K4me1,ENCSR011CSR,C31M20.bigwig,syn18143308
186,172,training_data,C31,M21,NCI-H929,H3K4me2,ENCSR692HIO,C31M21.bigwig,syn18143429
187,194,training_data,C31,M22,NCI-H929,H3K4me3,ENCSR082NQB,C31M22.bigwig,syn18143413
188,225,training_data,C31,M26,NCI-H929,H3K9ac,ENCSR327OGS,C31M26.bigwig,syn18143376
189,23,training_data,C32,M02,neural_stem_progenitor_cell,DNase-seq,ENCSR278FVO,C32M02.bigwig,syn18143410
190,48,training_data,C32,M04,neural_stem_progenitor_cell,H2AK5ac,ENCSR732NFR,C32M04.bigwig,syn18143490
191,54,training_data,C32,M06,neural_stem_progenitor_cell,H2BK120ac,ENCSR811NNT,C32M06.bigwig,syn18143437
192,58,training_data,C32,M07,neural_stem_progenitor_cell,H2BK12ac,ENCSR940RIU,C32M07.bigwig,syn18143603
193,68,training_data,C32,M10,neural_stem_progenitor_cell,H2BK5ac,ENCSR651SVZ,C32M10.bigwig,syn18143363
194,77,training_data,C32,M13,neural_stem_progenitor_cell,H3K18ac,ENCSR182XTG,C32M13.bigwig,syn18143457
195,81,training_data,C32,M14,neural_stem_progenitor_cell,H3K23ac,ENCSR361LIU,C32M14.bigwig,syn18143504
196,97,training_data,C32,M16,neural_stem_progenitor_cell,H3K27ac,ENCSR799SRL,C32M16.bigwig,syn18143553
197,119,training_data,C32,M17,neural_stem_progenitor_cell,H3K27me3,ENCSR694LBI,C32M17.bigwig,syn18143503
198,141,training_data,C32,M18,neural_stem_progenitor_cell,H3K36me3,ENCSR256ESY,C32M18.bigwig,syn18143592
199,147,training_data,C32,M19,neural_stem_progenitor_cell,H3K4ac,ENCSR476FBL,C32M19.bigwig,syn18143467
200,173,training_data,C32,M21,neural_stem_progenitor_cell,H3K4me2,ENCSR486GWT,C32M21.bigwig,syn18143548
201,195,training_data,C32,M22,neural_stem_progenitor_cell,H3K4me3,ENCSR956CTX,C32M22.bigwig,syn18143628
202,210,training_data,C32,M24,neural_stem_progenitor_cell,H3K79me1,ENCSR570POG,C32M24.bigwig,syn18143486
203,226,training_data,C32,M26,neural_stem_progenitor_cell,H3K9ac,ENCSR626UPW,C32M26.bigwig,syn18143438
204,244,training_data,C32,M29,neural_stem_progenitor_cell,H3K9me3,ENCSR391WDE,C32M29.bigwig,syn18143502
205,261,training_data,C32,M34,neural_stem_progenitor_cell,H4K8ac,ENCSR277JAU,C32M34.bigwig,syn18143542
206,266,training_data,C32,M35,neural_stem_progenitor_cell,H4K91ac,ENCSR260CXF,C32M35.bigwig,syn18143507
207,24,training_data,C33,M02,occipital_lobe,DNase-seq,ENCSR859CZM,C33M02.bigwig,syn18143494
208,44,training_data,C34,M03,OCI-LY7,H2AFZ,ENCSR331RGM,C34M03.bigwig,syn18143421
209,98,training_data,C34,M16,OCI-LY7,H3K27ac,ENCSR447ZGY,C34M16.bigwig,syn18143590
210,142,training_data,C34,M18,OCI-LY7,H3K36me3,ENCSR243AIS,C34M18.bigwig,syn18143539
211,164,training_data,C34,M20,OCI-LY7,H3K4me1,ENCSR060WGK,C34M20.bigwig,syn18143534
212,174,training_data,C34,M21,OCI-LY7,H3K4me2,ENCSR850QKN,C34M21.bigwig,syn18143464
213,196,training_data,C34,M22,OCI-LY7,H3K4me3,ENCSR005SXO,C34M22.bigwig,syn18143594
214,216,training_data,C34,M25,OCI-LY7,H3K79me2,ENCSR347DAG,C34M25.bigwig,syn18143432
215,231,training_data,C34,M28,OCI-LY7,H3K9me2,ENCSR199KHR,C34M28.bigwig,syn18143586
216,245,training_data,C34,M29,OCI-LY7,H3K9me3,ENCSR389WWC,C34M29.bigwig,syn18143394
217,2,training_data,C35,M01,omental_fat_pad,ATAC-seq,ENCSR788TRR,C35M01.bigwig,syn18143602
218,25,training_data,C35,M02,omental_fat_pad,DNase-seq,ENCSR244ZEJ,C35M02.bigwig,syn18143417
219,99,training_data,C36,M16,peripheral_blood_mononuclear_cell,H3K27ac,ENCSR615HXA,C36M16.bigwig,syn18143549
220,120,training_data,C36,M17,peripheral_blood_mononuclear_cell,H3K27me3,ENCSR866UQO,C36M17.bigwig,syn18143582
221,165,training_data,C36,M20,peripheral_blood_mononuclear_cell,H3K4me1,ENCSR482QXO,C36M20.bigwig,syn18143531
222,197,training_data,C36,M22,peripheral_blood_mononuclear_cell,H3K4me3,ENCSR368YPC,C36M22.bigwig,syn18143498
223,227,training_data,C36,M26,peripheral_blood_mononuclear_cell,H3K9ac,ENCSR969DAF,C36M26.bigwig,syn18143455
224,246,training_data,C36,M29,peripheral_blood_mononuclear_cell,H3K9me3,ENCSR980XMX,C36M29.bigwig,syn18143362
225,100,training_data,C37,M16,prostate,H3K27ac,ENCSR763IDK,C37M16.bigwig,syn18143530
226,198,training_data,C37,M22,prostate,H3K4me3,ENCSR748RBT,C37M22.bigwig,syn18143401
227,101,training_data,C38,M16,RWPE2,H3K27ac,ENCSR987PNT,C38M16.bigwig,syn18143572
228,26,training_data,C39,M02,SJCRH30,DNase-seq,ENCSR700ILE,C39M02.bigwig,syn18143447
229,27,training_data,C40,M02,SJSA1,DNase-seq,ENCSR620WAR,C40M02.bigwig,syn18143383
230,28,training_data,C41,M02,SK-MEL-5,DNase-seq,ENCSR000FEK,C41M02.bigwig,syn18143644
231,29,training_data,C42,M02,skin_fibroblast,DNase-seq,ENCSR184LMY,C42M02.bigwig,syn18143420
232,30,training_data,C43,M02,skin_of_body,DNase-seq,ENCSR092OFK,C43M02.bigwig,syn18143396
233,31,training_data,C44,M02,T47D,DNase-seq,ENCSR000EQB,C44M02.bigwig,syn18143404
234,3,training_data,C45,M01,testis,ATAC-seq,ENCSR210NKB,C45M01.bigwig,syn18143517
235,32,training_data,C45,M02,testis,DNase-seq,ENCSR978QUT,C45M02.bigwig,syn18143398
236,247,training_data,C45,M29,testis,H3K9me3,ENCSR376JOC,C45M29.bigwig,syn18143426
237,33,training_data,C46,M02,trophoblast_cell,DNase-seq,ENCSR179CDH,C46M02.bigwig,syn18143356
238,45,training_data,C46,M03,trophoblast_cell,H2AFZ,ENCSR485OSV,C46M03.bigwig,syn18143402
239,49,training_data,C46,M04,trophoblast_cell,H2AK5ac,ENCSR427RFW,C46M04.bigwig,syn18143473
240,55,training_data,C46,M06,trophoblast_cell,H2BK120ac,ENCSR355ZYK,C46M06.bigwig,syn18143461
241,59,training_data,C46,M07,trophoblast_cell,H2BK12ac,ENCSR634IIF,C46M07.bigwig,syn18143439
242,73,training_data,C46,M12,trophoblast_cell,H3K14ac,ENCSR499CAZ,C46M12.bigwig,syn18143613
243,78,training_data,C46,M13,trophoblast_cell,H3K18ac,ENCSR081JRM,C46M13.bigwig,syn18143384
244,102,training_data,C46,M16,trophoblast_cell,H3K27ac,ENCSR425PQI,C46M16.bigwig,syn18143638
245,121,training_data,C46,M17,trophoblast_cell,H3K27me3,ENCSR960CWQ,C46M17.bigwig,syn18143641
246,148,training_data,C46,M19,trophoblast_cell,H3K4ac,ENCSR354UVU,C46M19.bigwig,syn18143463
247,166,training_data,C46,M20,trophoblast_cell,H3K4me1,ENCSR035DUS,C46M20.bigwig,syn18143544
248,199,training_data,C46,M22,trophoblast_cell,H3K4me3,ENCSR874WOB,C46M22.bigwig,syn18143555
249,211,training_data,C46,M24,trophoblast_cell,H3K79me1,ENCSR213JMO,C46M24.bigwig,syn18143528
250,217,training_data,C46,M25,trophoblast_cell,H3K79me2,ENCSR486PWP,C46M25.bigwig,syn18143547
251,228,training_data,C46,M26,trophoblast_cell,H3K9ac,ENCSR815DXY,C46M26.bigwig,syn18143491
252,248,training_data,C46,M29,trophoblast_cell,H3K9me3,ENCSR044WCY,C46M29.bigwig,syn18143512
253,250,training_data,C46,M31,trophoblast_cell,H4K12ac,ENCSR960JPH,C46M31.bigwig,syn18143458
254,262,training_data,C46,M34,trophoblast_cell,H4K8ac,ENCSR888MKB,C46M34.bigwig,syn18143566
255,34,training_data,C47,M02,upper_lobe_of_left_lung,DNase-seq,ENCSR490JVQ,C47M02.bigwig,syn18143446
256,103,training_data,C47,M16,upper_lobe_of_left_lung,H3K27ac,ENCSR738SXD,C47M16.bigwig,syn18143434
257,200,training_data,C47,M22,upper_lobe_of_left_lung,H3K4me3,ENCSR208WDY,C47M22.bigwig,syn18143612
258,35,training_data,C48,M02,urinary_bladder,DNase-seq,ENCSR813CKU,C48M02.bigwig,syn18143558
259,143,training_data,C48,M18,urinary_bladder,H3K36me3,ENCSR449TNC,C48M18.bigwig,syn18143407
260,201,training_data,C48,M22,urinary_bladder,H3K4me3,ENCSR632OWD,C48M22.bigwig,syn18143581
261,36,training_data,C49,M02,uterus,DNase-seq,ENCSR237WJY,C49M02.bigwig,syn18143433
262,104,training_data,C49,M16,uterus,H3K27ac,ENCSR249INE,C49M16.bigwig,syn18143469
263,105,training_data,C50,M16,vagina,H3K27ac,ENCSR718BTD,C50M16.bigwig,syn18143640
264,202,training_data,C50,M22,vagina,H3K4me3,ENCSR258UUX,C50M22.bigwig,syn18143368
265,37,training_data,C51,M02,WERI-Rb-1,DNase-seq,ENCSR000EQL,C51M02.bigwig,syn18143598
266,203,training_data,C51,M22,WERI-Rb-1,H3K4me3,ENCSR000DXU,C51M22.bigwig,syn18143588
